{
    "train_loss": [
        0.13639856610472656,
        0.08623362939911915,
        0.0748373531344063,
        0.06826298843712597,
        0.06344940046442228,
        0.05991034801043208,
        0.05657926803022027,
        0.05379455887777228,
        0.051571386683509544,
        0.049219243420348925,
        0.04691136347501843,
        0.0453926963353152,
        0.042986464817714315,
        0.0413906829588918,
        0.03963036172119211,
        0.03849956844544432,
        0.03666462753426409,
        0.035561019671948704,
        0.033893285661444554,
        0.032957311259789554,
        0.031958162603281166,
        0.030715615809158034,
        0.0296596870799473,
        0.029311370224506136,
        0.028437342397024806,
        0.028013532899296808,
        0.027712397541772404,
        0.02740779379805713,
        0.027365892206691396,
        0.02706433974929655
    ],
    "val_loss": [
        0.09017614990018723,
        0.07912210310383454,
        0.07108856756117878,
        0.06395550033050032,
        0.06210580776267464,
        0.0601683709326055,
        0.05705788233287998,
        0.05469093953079922,
        0.05581070610270698,
        0.05405123363148381,
        0.05378964493537163,
        0.05797968758730935,
        0.05595660555844962,
        0.05154312660498167,
        0.05165808914835515,
        0.050468515430716364,
        0.05187162049260605,
        0.051576005704656654,
        0.05206679185482387,
        0.05192139911492857,
        0.05527190475520482,
        0.052158482376627284,
        0.05358381064042443,
        0.05265516963210697,
        0.05268509725072493,
        0.0589334028668933,
        0.05328727528373341,
        0.053551503783198576,
        0.05347498637060769,
        0.05376075970621943
    ],
    "train_acc": [
        0.9541429502331576,
        0.9693013141087468,
        0.9731746383633766,
        0.9753924907797417,
        0.9771986345476339,
        0.978290766113979,
        0.9796084257278558,
        0.9805719583224168,
        0.9812706154228555,
        0.9821832842449945,
        0.982975991339723,
        0.9834846290639434,
        0.9843972978860824,
        0.9850374136635448,
        0.9855652452641509,
        0.9861257064546127,
        0.9866583365243152,
        0.9872936538326812,
        0.9877840573743353,
        0.9882255165312059,
        0.9884568027416533,
        0.9889846343422595,
        0.9893598746255995,
        0.9894951914541185,
        0.9897936562319157,
        0.9900211036670861,
        0.9900710077456888,
        0.9901832919225451,
        0.9902159215124007,
        0.9903569965038355
    ],
    "val_acc": [
        0.9676669555345063,
        0.9714222374493642,
        0.9743243515588786,
        0.9771861585279832,
        0.9776295370724923,
        0.9783550655998711,
        0.9795038191015538,
        0.9805383690387419,
        0.9800278119268828,
        0.9807197511705865,
        0.9812370261391805,
        0.9798665833652431,
        0.9801823226317875,
        0.9823051653600435,
        0.9816938403971597,
        0.9824731117784182,
        0.9823320367869834,
        0.9829030546094574,
        0.9827619796180227,
        0.9832523831596768,
        0.9823051653600435,
        0.9835143795723412,
        0.983111308168242,
        0.9832926903000867,
        0.983621865280101,
        0.9817408653943046,
        0.9834807902886663,
        0.9834875081454013,
        0.9835143795723412,
        0.9835009438588712
    ]
}