{
  "train_loss": [
    0.5653327646294336,
    0.4125695040226946,
    0.38191703647681796,
    0.36368324234259747,
    0.3498561150140537,
    0.3399322123275066,
    0.33177283478409636,
    0.32611612299114046,
    0.3220053944946397,
    0.3187769334993796,
    0.3162232021010692,
    0.31372999814981833,
    0.31166217461569423,
    0.3097838339146803,
    0.3083672737310097,
    0.30664710295158487,
    0.30503181352931813,
    0.30431664471537506,
    0.30290387213568715,
    0.3015820256385136
  ],
  "val_loss": [
    0.4308031112138032,
    0.3893481007552528,
    0.3620004612035194,
    0.3487863409885736,
    0.33598281988815254,
    0.3629898412263652,
    0.3292279577239553,
    0.32402115589928954,
    0.35442934178794777,
    0.3141241470299999,
    0.35092477134749256,
    0.37979742372924985,
    0.31343054314549296,
    0.3468408620493975,
    0.3442971016870947,
    0.37215236815736785,
    0.35245655843116797,
    0.325689951198982,
    0.442361277065596,
    0.3436510630254618
  ],
  "train_acc": [
    0.8966025879103531,
    0.9443118467484134,
    0.9533233717114892,
    0.959248521351748,
    0.9644203113438689,
    0.9680431555116655,
    0.9708368242196009,
    0.9729241582765434,
    0.9744059255335178,
    0.9754942183245857,
    0.9764932595904603,
    0.9772245462807546,
    0.9779923013361818,
    0.9787734921050788,
    0.9791448936131416,
    0.9797466216378327,
    0.9804011328225842,
    0.9807226302520444,
    0.9812370261391805,
    0.9817101551920875
  ],
  "val_acc": [
    0.9377523394936079,
    0.9510133886884728,
    0.9587053346500333,
    0.9637773164849487,
    0.9693397018615181,
    0.9533982278293933,
    0.9736727194555849,
    0.9737398980229348,
    0.9578656025581599,
    0.9785498834451857,
    0.9610229952236039,
    0.9388540679981459,
    0.9774212835137078,
    0.9623329772869263,
    0.9590613810569876,
    0.9427638606179085,
    0.9526592635885447,
    0.9718857695640782,
    0.9232753582297104,
    0.9629644558200152
  ],
  "lr": [
    1e-05,
    2.8e-05,
    4.6e-05,
    6.4e-05,
    8.2e-05,
    0.0001,
    9.960967771506667e-05,
    9.844486647586725e-05,
    9.652393605146846e-05,
    9.387718066217125e-05,
    9.054634122155992e-05,
    8.658394705735988e-05,
    8.205248749256015e-05,
    7.702342635146033e-05,
    7.15760749324711e-05,
    6.57963412215599e-05,
    5.977537507199338e-05,
    5.360813071670102e-05,
    4.739186928329899e-05,
    4.122462492800663e-05
  ]
}