{
  "train_loss": [
    0.7212209997371896,
    0.522045052469412,
    0.4698503868394202,
    0.43371610642691033,
    0.40754868158711016,
    0.38923556630568923,
    0.37538251705050535,
    0.3664636812825771,
    0.3600244591068578,
    0.3545157574159192,
    0.34986140646377284,
    0.34594943102475373,
    0.34268301642026794,
    0.3395691012521428,
    0.33677254198320994,
    0.3343537818053644,
    0.33205189988851935,
    0.32987948919512056,
    0.3279154211109608,
    0.32623714313128505,
    0.324611511585262,
    0.3233261655611073,
    0.3217781539754763,
    0.3205532196378699,
    0.31931695379662917,
    0.31884109786816206,
    0.317741323368438,
    0.31734998278947396,
    0.3171685671586713,
    0.3167340803610604
  ],
  "val_loss": [
    1.07868647492092,
    0.981081673923138,
    0.7122081583785296,
    0.771262374475195,
    0.5240384442324127,
    0.49934925677499137,
    0.5233051668687722,
    0.441916145611097,
    0.39287352968712735,
    0.43138955286778485,
    0.39847515348101764,
    0.4748308431640364,
    0.3448935813539495,
    0.3697681838380793,
    0.37033283478679224,
    0.3610137567279764,
    0.3429273300579258,
    0.35954622556275967,
    0.3512910900167733,
    0.35810800977348317,
    0.3451666450882805,
    0.35895485891048273,
    0.3396064210530824,
    0.34945793520101553,
    0.3640693588148307,
    0.35445566391174005,
    0.3496968092623178,
    0.3559080866493068,
    0.3587591445267349,
    0.35656907776074975
  ],
  "train_acc": [
    0.8433981222630732,
    0.9064711194540493,
    0.923514321990712,
    0.937090150758302,
    0.9473252853409648,
    0.9542350808398089,
    0.9592715540034108,
    0.9628790430700989,
    0.9652312526211637,
    0.9671074540378638,
    0.9687619661823091,
    0.9701698370151987,
    0.9715210859127504,
    0.9726544843133247,
    0.9735076521186681,
    0.9745230081794705,
    0.9752437382377527,
    0.9762677315429286,
    0.9769174442585837,
    0.9776919171707459,
    0.9784366395745101,
    0.9787264671079339,
    0.9794884640004453,
    0.9799702302977258,
    0.9805709986285975,
    0.9806410562774053,
    0.9811372179819751,
    0.9813502700098561,
    0.9814184082710252,
    0.9815757980573878
  ],
  "val_acc": [
    0.6285764189792888,
    0.677059191035692,
    0.8051620011151642,
    0.7855794487326764,
    0.8979893454792183,
    0.9046937665007356,
    0.8927762886528682,
    0.9280248829413464,
    0.9497705851925002,
    0.9309068434806559,
    0.9459212532833525,
    0.9119960767716667,
    0.9703205089448262,
    0.9603713631203101,
    0.959403991750472,
    0.9629577379632802,
    0.9707907589162753,
    0.9630047629604251,
    0.9673982412651068,
    0.9646976628576419,
    0.9702130232370665,
    0.9629308665363402,
    0.9723358659653224,
    0.9682514090704502,
    0.9612110952121835,
    0.9658598520727947,
    0.9674721376891916,
    0.9647648414249917,
    0.9639318271898534,
    0.9647715592817268
  ],
  "lr": [
    1e-05,
    2.8e-05,
    4.6e-05,
    6.4e-05,
    8.2e-05,
    0.0001,
    9.960967771506667e-05,
    9.844486647586725e-05,
    9.652393605146846e-05,
    9.387718066217125e-05,
    9.054634122155992e-05,
    8.658394705735988e-05,
    8.205248749256015e-05,
    7.702342635146033e-05,
    7.15760749324711e-05,
    6.57963412215599e-05,
    5.977537507199338e-05,
    5.360813071670102e-05,
    4.739186928329899e-05,
    4.122462492800663e-05,
    3.520365877844011e-05,
    2.9423925067528902e-05,
    2.3976573648539653e-05,
    1.8947512507439855e-05,
    1.4416052942640137e-05,
    1.0453658778440105e-05,
    7.122819337828751e-06,
    4.4760639485315575e-06,
    2.555133524132767e-06,
    1.3903222849333505e-06
  ]
}