{
  "train_loss": [
    0.8687652848228404,
    0.6670431737900586,
    0.6115463433833759,
    0.5907637921025877,
    0.5788646753639551,
    0.5657008393264533,
    0.5543008587151729,
    0.5468698494184719,
    0.5416589928055405,
    0.5380076621671188,
    0.5350238059130463,
    0.5327405168018691,
    0.5305135624056143,
    0.5291014313139522,
    0.5274389629926545,
    0.5259766109493216,
    0.5248345862545355,
    0.5238594535970875,
    0.5225728649262978,
    0.521528319012081,
    0.520810737889939,
    0.519922006739811,
    0.5191073023733697,
    0.5185354891867822,
    0.5180856431925561,
    0.5174118572445491,
    0.5169805116859205,
    0.5168104852490394,
    0.516479351013649,
    0.5164208185069059
  ],
  "val_loss": [
    0.9423960012460207,
    0.7142198208928684,
    0.6434714661989799,
    0.5859617474022962,
    0.5762047365381785,
    0.5518416014996547,
    0.5516612878552546,
    0.5470322256338692,
    0.5368737779236421,
    0.5344378995036254,
    0.5303544121307128,
    0.528448152830974,
    0.5292248171403786,
    0.5276958424596052,
    0.5258594827661203,
    0.5253643002502831,
    0.5236758282149412,
    0.523518052149954,
    0.5224617504751293,
    0.5225700730644233,
    0.5211766108426946,
    0.5209474707560005,
    0.5203909103667157,
    0.5211662065689955,
    0.5210202606407588,
    0.5201416157027717,
    0.5203599980990675,
    0.5203131217037092,
    0.5198601655716566,
    0.5197027890228005
  ],
  "train_acc": [
    0.8228769893253256,
    0.9105546166551024,
    0.9381621287544422,
    0.947714921031594,
    0.9524222192151816,
    0.9580556219343781,
    0.9630911354041607,
    0.9664922902997027,
    0.9688339432187555,
    0.970448148222791,
    0.9718636966062347,
    0.9729203195012663,
    0.9739759827024786,
    0.974551798994049,
    0.9755287673020799,
    0.9761055432874696,
    0.9766650447841121,
    0.9770844309831391,
    0.9777706120639271,
    0.9781909579567735,
    0.9785613997710171,
    0.9789510354616463,
    0.9793377920708177,
    0.9796122645031329,
    0.9798310746939296,
    0.9801285797779077,
    0.9803972940473071,
    0.9804817471034041,
    0.9806679277043452,
    0.9805585226089468
  ],
  "val_acc": [
    0.7875343450425576,
    0.8899010459702936,
    0.9223482940002822,
    0.9499855566080198,
    0.9527398778693645,
    0.9645028450123273,
    0.9641736700323129,
    0.9663905627548587,
    0.97097214104812,
    0.9716707981485587,
    0.9743243515588786,
    0.9751573657940171,
    0.9743176337021436,
    0.9751103407968722,
    0.9761180193071203,
    0.9766487299891843,
    0.977280208522273,
    0.9774414370839127,
    0.9781266584708814,
    0.9776765620696373,
    0.9781669656112914,
    0.9787581370039703,
    0.9789798262762248,
    0.9786439334394754,
    0.9787514191472353,
    0.9790134155598997,
    0.97891936556561,
    0.97889249413867,
    0.9792149512619494,
    0.9792888476860343
  ],
  "lr": [
    1e-05,
    2.8e-05,
    4.6e-05,
    6.4e-05,
    8.2e-05,
    0.0001,
    9.960967771506667e-05,
    9.844486647586725e-05,
    9.652393605146846e-05,
    9.387718066217125e-05,
    9.054634122155992e-05,
    8.658394705735988e-05,
    8.205248749256015e-05,
    7.702342635146033e-05,
    7.15760749324711e-05,
    6.57963412215599e-05,
    5.977537507199338e-05,
    5.360813071670102e-05,
    4.739186928329899e-05,
    4.122462492800663e-05,
    3.520365877844011e-05,
    2.9423925067528902e-05,
    2.3976573648539653e-05,
    1.8947512507439855e-05,
    1.4416052942640137e-05,
    1.0453658778440105e-05,
    7.122819337828751e-06,
    4.4760639485315575e-06,
    2.555133524132767e-06,
    1.3903222849333505e-06
  ]
}