{
  "train_loss": [
    1.060344189889229,
    0.8357999270710463,
    0.7428949385403699,
    0.6876242477113323,
    0.6541348183035015,
    0.6274027508856737,
    0.6066921415868456,
    0.592390852975256,
    0.5820760106820726,
    0.5742005774005884,
    0.567668767754927,
    0.5628290466978252,
    0.5579339289101232,
    0.5541198103565028,
    0.5504898577257704,
    0.5473633174974383,
    0.5444307925682839,
    0.5417305024549768,
    0.5393745332985802,
    0.536928836579805,
    0.535104942574594,
    0.533253802944696,
    0.5313912776112124,
    0.5299731489828929,
    0.5287558293286967,
    0.5278262223317929,
    0.5267078759455065,
    0.5263196314605116,
    0.5257775488326225,
    0.5253368512130531
  ],
  "val_loss": [
    0.9943641864884345,
    0.7912958037555572,
    0.7145794504176054,
    0.6621544264738504,
    0.6326560564668252,
    0.6053203192887944,
    0.5881877366059975,
    0.5912185924329495,
    0.5703479152658834,
    0.5675562722701356,
    0.5574954499283463,
    0.558196645276428,
    0.5556487578097111,
    0.5491909597388132,
    0.5427759056147142,
    0.5431339290265755,
    0.5436027520374344,
    0.5398852201830033,
    0.5351775921286331,
    0.534597756065301,
    0.5335936272585655,
    0.534255115841977,
    0.5317643818199117,
    0.5314819006610195,
    0.5300692584844928,
    0.529116472265962,
    0.5304610863052394,
    0.5287822385883282,
    0.528906574392264,
    0.5292271034061695
  ],
  "train_acc": [
    0.7427185630696382,
    0.8403770061199675,
    0.8835286790102486,
    0.9045690063042287,
    0.9168789989241832,
    0.928246572213601,
    0.9372955252356289,
    0.9436045524036012,
    0.9482120424299831,
    0.9517216427271044,
    0.9545988047973175,
    0.9569798051629608,
    0.9590815346271926,
    0.9608080238080843,
    0.9624356645255897,
    0.9638013088304307,
    0.9651276056886811,
    0.9664606204036664,
    0.9674865330964809,
    0.9685335590533196,
    0.9693099513531203,
    0.9702187813999822,
    0.9711679185872539,
    0.9717475736541014,
    0.9722245414822855,
    0.9727427761446988,
    0.9732965194784255,
    0.9733157133548113,
    0.9737859633262604,
    0.9738896102587431
  ],
  "val_acc": [
    0.7661782784820331,
    0.8627541869042101,
    0.8943012421317103,
    0.913957690938283,
    0.9242964724534285,
    0.9368924538315296,
    0.9457600247217128,
    0.9452158783261788,
    0.9536803778122628,
    0.9547821063168007,
    0.959336813183122,
    0.958295545389199,
    0.9612178130689185,
    0.9629577379632802,
    0.9658329806458548,
    0.9658464163593247,
    0.9654836520956354,
    0.9673780876949019,
    0.969380009001928,
    0.9695345197068327,
    0.9701592803831866,
    0.9701458446697165,
    0.9709990124750599,
    0.97095870533465,
    0.9719327945612232,
    0.9721947909738877,
    0.9715565945840638,
    0.9723896088192023,
    0.9721813552604177,
    0.9721544838334778
  ],
  "lr": [
    1e-05,
    2.8e-05,
    4.6e-05,
    6.4e-05,
    8.2e-05,
    0.0001,
    9.960967771506667e-05,
    9.844486647586725e-05,
    9.652393605146846e-05,
    9.387718066217125e-05,
    9.054634122155992e-05,
    8.658394705735988e-05,
    8.205248749256015e-05,
    7.702342635146033e-05,
    7.15760749324711e-05,
    6.57963412215599e-05,
    5.977537507199338e-05,
    5.360813071670102e-05,
    4.739186928329899e-05,
    4.122462492800663e-05,
    3.520365877844011e-05,
    2.9423925067528902e-05,
    2.3976573648539653e-05,
    1.8947512507439855e-05,
    1.4416052942640137e-05,
    1.0453658778440105e-05,
    7.122819337828751e-06,
    4.4760639485315575e-06,
    2.555133524132767e-06,
    1.3903222849333505e-06
  ]
}