{
  "train_loss": [
    4.51475008672724,
    4.198278144767512,
    4.120235197687096,
    4.078779862565567,
    4.0486176692767435,
    4.029066991169896,
    4.010781178383255,
    3.99469153489231,
    3.9808850798687447,
    3.9686661407206816,
    3.9591167049867937,
    3.950400165032337,
    3.941774468615604,
    3.9358186975688043,
    3.929958279028902,
    3.925230621147635,
    3.9208888037423466,
    3.9154863069647514,
    3.9109232345187883,
    3.9079573600949313,
    3.9037301220218565,
    3.900614603717001,
    3.8973985234160837,
    3.89453111790843,
    3.893660405851924,
    3.890809063635499,
    3.8901883716932524,
    3.8880773263321458,
    3.886654031569933,
    3.8867062826101035
  ],
  "val_loss": [
    4.27236884019739,
    4.13384420953083,
    4.072432294768944,
    4.0380852182321,
    4.015297725580775,
    3.998753192983642,
    3.9897972220542672,
    3.9886579972714227,
    3.9565969771482044,
    3.950330064924846,
    3.945691169778183,
    3.933439076460541,
    3.9311347239640066,
    3.9265619923282884,
    3.9239061142707534,
    3.9237416171705335,
    3.913467257118813,
    3.909729060457727,
    3.906412870864065,
    3.9064371561260436,
    3.905723939307487,
    3.9058526761818992,
    3.9029782000322664,
    3.90213298171678,
    3.90121326582226,
    3.8992073173126762,
    3.8988465114553965,
    3.8975537027372478,
    3.898698936852875,
    3.898002224528703
  ],
  "train_acc": [
    0.028834000800384646,
    0.1159252552065789,
    0.14011529761544878,
    0.14895791646633058,
    0.15548959260037679,
    0.16044257240170096,
    0.16414507115649823,
    0.1673418112685329,
    0.1703802019003857,
    0.17317195122068255,
    0.175194985791733,
    0.1770481545567702,
    0.1784541060020211,
    0.17952416461052265,
    0.18059806199430134,
    0.18132934868459566,
    0.18201169099010653,
    0.18269979145853307,
    0.18321994550858495,
    0.183788084249601,
    0.18439173166193057,
    0.18480344031040336,
    0.18517004334936982,
    0.1855232106748663,
    0.18562781730116823,
    0.1860942284973402,
    0.1862669733848113,
    0.18648482388178875,
    0.18677561110903176,
    0.18669979529730835
  ],
  "val_acc": [
    0.10405288296821782,
    0.139321630826901,
    0.14767864460522515,
    0.15962971173676752,
    0.1670798148558684,
    0.16490322927373252,
    0.170976171762161,
    0.17195026098873414,
    0.17356926446186607,
    0.17553087862848238,
    0.1758802071787017,
    0.1798370247956092,
    0.18150305326588606,
    0.1806901926009526,
    0.18061629617686772,
    0.1816306925438508,
    0.1838475852663966,
    0.18362589599414203,
    0.184176760246411,
    0.18414317096273605,
    0.1850769530488993,
    0.1851239780460442,
    0.18487541734684967,
    0.18472090664194496,
    0.18480823877949978,
    0.1856009458742283,
    0.18579576371954293,
    0.18588309585709775,
    0.18562781730116823,
    0.18567484229831316
  ],
  "lr": [
    1e-05,
    2.8e-05,
    4.6e-05,
    6.4e-05,
    8.2e-05,
    0.0001,
    9.960967771506667e-05,
    9.844486647586725e-05,
    9.652393605146846e-05,
    9.387718066217125e-05,
    9.054634122155992e-05,
    8.658394705735988e-05,
    8.205248749256015e-05,
    7.702342635146033e-05,
    7.15760749324711e-05,
    6.57963412215599e-05,
    5.977537507199338e-05,
    5.360813071670102e-05,
    4.739186928329899e-05,
    4.122462492800663e-05,
    3.520365877844011e-05,
    2.9423925067528902e-05,
    2.3976573648539653e-05,
    1.8947512507439855e-05,
    1.4416052942640137e-05,
    1.0453658778440105e-05,
    7.122819337828751e-06,
    4.4760639485315575e-06,
    2.555133524132767e-06,
    1.3903222849333505e-06
  ]
}