{
    "train_loss": [
        0.13116445906321347,
        0.07878544084214639,
        0.06725639167875684,
        0.05973041930712611,
        0.054676483624279834,
        0.0502612255123263,
        0.046910359407747286,
        0.043758705529186155,
        0.04108945427701777,
        0.03836045842302298,
        0.03569019332590079,
        0.03338917904833222,
        0.031027824330803862,
        0.029104487547555787,
        0.02707296953303622,
        0.025217105774603198,
        0.023005645556464605,
        0.02137501104494352,
        0.019902691493632472,
        0.0182257678770255,
        0.017118334842259546,
        0.015929997642017073,
        0.015187515365575163,
        0.013995998683437082,
        0.013288644990780902,
        0.012898133592205572
    ],
    "val_loss": [
        0.08177866216116321,
        0.06959688497650601,
        0.06067008881663062,
        0.0563482967631957,
        0.05366664272030773,
        0.05220940394242369,
        0.050290403764839606,
        0.048820881871226594,
        0.04700303067644823,
        0.045176721141238316,
        0.047295133010359494,
        0.04619062397841819,
        0.04716867490365814,
        0.046885293286215386,
        0.0474523481663571,
        0.04983699210656561,
        0.05019009016834164,
        0.05100308795062075,
        0.052024066914895896,
        0.052842509426084004,
        0.05244998860686892,
        0.05540103089393626,
        0.05626628477801635,
        0.05645736532207015,
        0.056081707136089266,
        0.05726585404414935
    ],
    "train_acc": [
        0.9572005347413961,
        0.972402084838853,
        0.9763972902085318,
        0.9790460451497555,
        0.980866584324937,
        0.982425127087454,
        0.9835220571228955,
        0.9846113096077828,
        0.9854059360901498,
        0.9864318487829643,
        0.9873550742371154,
        0.9881036354161569,
        0.9889107379181746,
        0.989642024608469,
        0.9904443286413902,
        0.9909961525874785,
        0.9918944260023282,
        0.9924740810691757,
        0.9930259050152639,
        0.9936871340567506,
        0.9940412610760663,
        0.9945537375755639,
        0.9948061370500355,
        0.9953186135495331,
        0.9955710130240049,
        0.9957216849536324
    ],
    "val_acc": [
        0.9714558267330391,
        0.9756679229058761,
        0.9787581370039703,
        0.980464472614657,
        0.9813982547008202,
        0.9816266618298098,
        0.9826276224833229,
        0.9832456653029418,
        0.9840115009707303,
        0.9842533438131899,
        0.9836151474233661,
        0.9842533438131899,
        0.9842667795266599,
        0.9846093902201442,
        0.9850594866213883,
        0.9844615973719745,
        0.9851804080426181,
        0.9847303116413739,
        0.9853416366042578,
        0.9851132294752682,
        0.9855163008793675,
        0.9855163008793675,
        0.9853349187475228,
        0.9854424044552826,
        0.9855633258765124,
        0.9855566080197774
    ]
}